Fund Name,P1,P2,P3,P4,P5
M1,0.64,0.41,5.8,42,12.21
M2,0.76,0.58,3,61.3,16.41
M3,0.69,0.48,3.7,46.9,12.94
M4,0.87,0.76,3.9,61.1,16.66
M5,0.66,0.44,6.2,47.4,13.68
M6,0.85,0.72,4,59.5,16.27
M7,0.69,0.48,4.9,67.9,18.49
M8,0.68,0.46,6.3,43.6,12.76
