Fund Name,P1,P2,P3,P4,P5,Topsis Score,Rank
M1,0.64,0.41,5.8,42.0,12.21,0.5457015513373652,3
M2,0.76,0.58,3.0,61.3,16.41,0.30638866880874926,8
M3,0.69,0.48,3.7,46.9,12.94,0.422010984114856,6
M4,0.87,0.76,3.9,61.1,16.66,0.5264809791876646,4
M5,0.66,0.44,6.2,47.4,13.68,0.5557901188838276,2
M6,0.85,0.72,4.0,59.5,16.27,0.5216005832407693,5
M7,0.69,0.48,4.9,67.9,18.49,0.3177860528414066,7
M8,0.68,0.46,6.3,43.6,12.76,0.6001943440203019,1
